scale,num_vehicles,solver,mode,budget_label,budget_ms,seed,is_feasible,raw_objective,raw_time_min,raw_dist_km,runtime_ms,gap_vs_ortools_2s_ref_pct,gap_vs_greedy_pct,t_ref_min,d_ref_km
5,2,Greedy_NN,Heuristic_Baseline,Greedy_O(N^2),0.06,,True,6.4632,90.42,56.86,0.06,38.35,0.0,12.75,11.38
5,2,Google_ORTools,Equalized_Budget,ORT_100ms,100,,True,4.6717,60.18,51.88,101.05,0.0,-27.72,12.75,11.38
5,2,Google_ORTools,Equalized_Budget,ORT_250ms,250,,True,4.6717,60.18,51.88,250.87,0.0,-27.72,12.75,11.38
5,2,Google_ORTools,Equalized_Budget,ORT_500ms,500,,True,4.6717,60.18,51.88,501.45,0.0,-27.72,12.75,11.38
5,2,Google_ORTools,Equalized_Budget,ORT_1000ms,1000,,True,4.6717,60.18,51.88,1001.01,0.0,-27.72,12.75,11.38
5,2,Google_ORTools,Quality_Reference,ORT_2000ms,2000,,True,4.6717,60.18,51.88,2000.98,0.0,-27.72,12.75,11.38
5,2,RandomKey_QPSO,Equalized_Budget,QPSO_P10_I15,6.15,42,True,6.161,87.36,51.77,6.15,31.88,-4.68,12.75,11.38
5,2,RandomKey_QPSO,Equalized_Budget,QPSO_P10_I15,7.45,101,True,6.161,87.36,51.77,7.45,31.88,-4.68,12.75,11.38
5,2,RandomKey_QPSO,Equalized_Budget,QPSO_P10_I15,5.93,2024,True,6.0442,85.18,51.88,5.93,29.38,-6.48,12.75,11.38
5,2,RandomKey_QPSO,Equalized_Budget,QPSO_P20_I30,24.09,42,True,6.0442,85.18,51.88,24.09,29.38,-6.48,12.75,11.38
5,2,RandomKey_QPSO,Equalized_Budget,QPSO_P20_I30,25.79,101,True,6.161,87.36,51.77,25.79,31.88,-4.68,12.75,11.38
5,2,RandomKey_QPSO,Equalized_Budget,QPSO_P20_I30,25.31,2024,True,6.0442,85.18,51.88,25.31,29.38,-6.48,12.75,11.38
5,2,RandomKey_QPSO,Equalized_Budget,QPSO_P30_I50,58.42,42,True,6.0442,85.18,51.88,58.42,29.38,-6.48,12.75,11.38
5,2,RandomKey_QPSO,Equalized_Budget,QPSO_P30_I50,59.36,101,True,6.0442,85.18,51.88,59.36,29.38,-6.48,12.75,11.38
5,2,RandomKey_QPSO,Equalized_Budget,QPSO_P30_I50,58.4,2024,True,6.0442,85.18,51.88,58.4,29.38,-6.48,12.75,11.38
5,2,RandomKey_QPSO,Equalized_Budget,QPSO_P50_I100,160.66,42,True,6.0442,85.18,51.88,160.66,29.38,-6.48,12.75,11.38
5,2,RandomKey_QPSO,Equalized_Budget,QPSO_P50_I100,175.55,101,True,6.161,87.36,51.77,175.55,31.88,-4.68,12.75,11.38
5,2,RandomKey_QPSO,Equalized_Budget,QPSO_P50_I100,160.3,2024,True,6.0442,85.18,51.88,160.3,29.38,-6.48,12.75,11.38
10,3,Greedy_NN,Heuristic_Baseline,Greedy_O(N^2),0.15,,True,10.8779,159.47,89.55,0.15,45.94,0.0,13.1,11.4
10,3,Google_ORTools,Equalized_Budget,ORT_100ms,100,,True,7.4535,99.6,80.99,101.32,0.0,-31.48,13.1,11.4
10,3,Google_ORTools,Equalized_Budget,ORT_250ms,250,,True,7.4535,99.6,80.99,251.25,0.0,-31.48,13.1,11.4
10,3,Google_ORTools,Equalized_Budget,ORT_500ms,500,,True,7.4535,99.6,80.99,501.35,0.0,-31.48,13.1,11.4
10,3,Google_ORTools,Equalized_Budget,ORT_1000ms,1000,,True,7.4535,99.6,80.99,1003.52,0.0,-31.48,13.1,11.4
10,3,Google_ORTools,Quality_Reference,ORT_2000ms,2000,,True,7.4535,99.6,80.99,2001.14,0.0,-31.48,13.1,11.4
10,3,RandomKey_QPSO,Equalized_Budget,QPSO_P10_I15,10.04,42,True,10.5936,155.18,87.46,10.04,42.13,-2.61,13.1,11.4
10,3,RandomKey_QPSO,Equalized_Budget,QPSO_P10_I15,9.53,101,True,10.9517,160.91,89.43,9.53,46.93,0.68,13.1,11.4
10,3,RandomKey_QPSO,Equalized_Budget,QPSO_P10_I15,9.4,2024,True,10.7134,157.19,87.93,9.4,43.74,-1.51,13.1,11.4
10,3,RandomKey_QPSO,Equalized_Budget,QPSO_P20_I30,36.18,42,True,10.678,156.07,88.86,36.18,43.26,-1.84,13.1,11.4
10,3,RandomKey_QPSO,Equalized_Budget,QPSO_P20_I30,36.08,101,True,10.4818,154.17,85.26,36.08,40.63,-3.64,13.1,11.4
10,3,RandomKey_QPSO,Equalized_Budget,QPSO_P20_I30,34.98,2024,True,10.7134,157.19,87.93,34.98,43.74,-1.51,13.1,11.4
10,3,RandomKey_QPSO,Equalized_Budget,QPSO_P30_I50,88.78,42,True,10.5756,155.63,85.86,88.78,41.89,-2.78,13.1,11.4
10,3,RandomKey_QPSO,Equalized_Budget,QPSO_P30_I50,89.25,101,True,10.2504,151.18,82.54,89.25,37.52,-5.77,13.1,11.4
10,3,RandomKey_QPSO,Equalized_Budget,QPSO_P30_I50,88.47,2024,True,10.4115,152.54,85.9,88.47,39.69,-4.29,13.1,11.4
10,3,RandomKey_QPSO,Equalized_Budget,QPSO_P50_I100,229.89,42,True,10.1462,149.49,82.01,229.89,36.13,-6.73,13.1,11.4
10,3,RandomKey_QPSO,Equalized_Budget,QPSO_P50_I100,235.11,101,True,10.1462,149.49,82.01,235.11,36.13,-6.73,13.1,11.4
10,3,RandomKey_QPSO,Equalized_Budget,QPSO_P50_I100,232.86,2024,True,10.4115,152.54,85.9,232.86,39.69,-4.29,13.1,11.4
15,4,Greedy_NN,Heuristic_Baseline,Greedy_O(N^2),0.25,,True,14.9725,206.1,101.82,0.25,55.5,0.0,11.99,10.39
15,4,Google_ORTools,Equalized_Budget,ORT_100ms,100,,True,9.6287,120.0,90.84,101.19,0.0,-35.69,11.99,10.39
15,4,Google_ORTools,Equalized_Budget,ORT_250ms,250,,True,9.6287,120.0,90.84,251.17,0.0,-35.69,11.99,10.39
15,4,Google_ORTools,Equalized_Budget,ORT_500ms,500,,True,9.6287,120.0,90.84,501.37,0.0,-35.69,11.99,10.39
15,4,Google_ORTools,Equalized_Budget,ORT_1000ms,1000,,True,9.6287,120.0,90.84,1001.12,0.0,-35.69,11.99,10.39
15,4,Google_ORTools,Quality_Reference,ORT_2000ms,2000,,True,9.6287,120.0,90.84,2001.12,0.0,-35.69,11.99,10.39
15,4,RandomKey_QPSO,Equalized_Budget,QPSO_P10_I15,12.43,42,True,15.8413,216.11,111.67,12.43,64.52,5.8,11.99,10.39
15,4,RandomKey_QPSO,Equalized_Budget,QPSO_P10_I15,13.24,101,True,15.092,207.04,104.06,13.24,56.74,0.8,11.99,10.39
15,4,RandomKey_QPSO,Equalized_Budget,QPSO_P10_I15,12.74,2024,True,18.1154,242.96,136.14,12.74,88.14,20.99,11.99,10.39
15,4,RandomKey_QPSO,Equalized_Budget,QPSO_P20_I30,45.14,42,True,14.8573,204.27,101.53,45.14,54.3,-0.77,11.99,10.39
15,4,RandomKey_QPSO,Equalized_Budget,QPSO_P20_I30,51.42,101,True,14.9059,205.9,99.92,51.42,54.81,-0.44,11.99,10.39
15,4,RandomKey_QPSO,Equalized_Budget,QPSO_P20_I30,45.54,2024,True,16.3163,221.63,116.96,45.54,69.45,8.98,11.99,10.39
15,4,RandomKey_QPSO,Equalized_Budget,QPSO_P30_I50,112.59,42,True,15.4909,212.24,107.36,112.59,60.88,3.46,11.99,10.39
15,4,RandomKey_QPSO,Equalized_Budget,QPSO_P30_I50,111.51,101,True,14.9602,206.78,100.02,111.51,55.37,-0.08,11.99,10.39
15,4,RandomKey_QPSO,Equalized_Budget,QPSO_P30_I50,112.09,2024,True,14.9445,205.64,101.78,112.09,55.21,-0.19,11.99,10.39
15,4,RandomKey_QPSO,Equalized_Budget,QPSO_P50_I100,317.93,42,True,14.0074,195.0,90.84,317.93,45.48,-6.45,11.99,10.39
15,4,RandomKey_QPSO,Equalized_Budget,QPSO_P50_I100,301.68,101,True,14.4961,201.21,95.21,301.68,50.55,-3.18,11.99,10.39
15,4,RandomKey_QPSO,Equalized_Budget,QPSO_P50_I100,298.74,2024,True,14.7669,202.94,101.09,298.74,53.36,-1.37,11.99,10.39
20,5,Greedy_NN,Heuristic_Baseline,Greedy_O(N^2),0.51,,True,20.506,366.2,222.11,0.51,73.39,0.0,16.19,14.26
20,5,Google_ORTools,Equalized_Budget,ORT_100ms,100,,True,11.8268,197.09,157.11,101.21,0.0,-42.33,16.19,14.26
20,5,Google_ORTools,Equalized_Budget,ORT_250ms,250,,True,11.8268,197.09,157.11,250.72,0.0,-42.33,16.19,14.26
20,5,Google_ORTools,Equalized_Budget,ORT_500ms,500,,True,11.8268,197.09,157.11,501.2,0.0,-42.33,16.19,14.26
20,5,Google_ORTools,Equalized_Budget,ORT_1000ms,1000,,True,11.8268,197.09,157.11,1001.31,0.0,-42.33,16.19,14.26
20,5,Google_ORTools,Quality_Reference,ORT_2000ms,2000,,True,11.8268,197.09,157.11,2001.2,0.0,-42.33,16.19,14.26
20,5,RandomKey_QPSO,Equalized_Budget,QPSO_P10_I15,14.93,42,True,22.2368,394.34,246.55,14.93,88.02,8.44,16.19,14.26
20,5,RandomKey_QPSO,Equalized_Budget,QPSO_P10_I15,13.77,101,True,21.4862,380.74,238.82,13.77,81.67,4.78,16.19,14.26
20,5,RandomKey_QPSO,Equalized_Budget,QPSO_P10_I15,14.74,2024,True,20.9095,370.42,232.62,14.74,76.8,1.97,16.19,14.26
20,5,RandomKey_QPSO,Equalized_Budget,QPSO_P20_I30,65.41,42,True,20.8057,371.22,226.04,65.41,75.92,1.46,16.19,14.26
20,5,RandomKey_QPSO,Equalized_Budget,QPSO_P20_I30,64.89,101,True,20.6136,366.85,225.89,64.89,74.3,0.52,16.19,14.26
20,5,RandomKey_QPSO,Equalized_Budget,QPSO_P20_I30,56.87,2024,True,20.9341,371.87,230.81,56.87,77.01,2.09,16.19,14.26
20,5,RandomKey_QPSO,Equalized_Budget,QPSO_P30_I50,142.57,42,True,18.8373,339.62,197.42,142.57,59.28,-8.14,16.19,14.26
20,5,RandomKey_QPSO,Equalized_Budget,QPSO_P30_I50,150.62,101,True,21.2064,376.42,234.4,150.62,79.31,3.42,16.19,14.26
20,5,RandomKey_QPSO,Equalized_Budget,QPSO_P30_I50,137.8,2024,True,18.2053,329.28,188.63,137.8,53.93,-11.22,16.19,14.26
20,5,RandomKey_QPSO,Equalized_Budget,QPSO_P50_I100,376.47,42,True,16.7839,306.89,167.08,376.47,41.91,-18.15,16.19,14.26
20,5,RandomKey_QPSO,Equalized_Budget,QPSO_P50_I100,368.46,101,True,17.7303,321.52,182.0,368.46,49.92,-13.54,16.19,14.26
20,5,RandomKey_QPSO,Equalized_Budget,QPSO_P50_I100,368.24,2024,True,17.7312,321.94,181.18,368.24,49.92,-13.53,16.19,14.26
30,7,Greedy_NN,Heuristic_Baseline,Greedy_O(N^2),0.92,,True,26.9365,458.86,258.02,0.92,55.8,0.0,15.14,13.53
30,7,Google_ORTools,Equalized_Budget,ORT_100ms,100,,True,17.4603,270.77,222.85,101.44,0.99,-35.18,15.14,13.53
30,7,Google_ORTools,Equalized_Budget,ORT_250ms,250,,True,17.2894,267.86,221.21,251.01,0.0,-35.81,15.14,13.53
30,7,Google_ORTools,Equalized_Budget,ORT_500ms,500,,True,17.2894,267.86,221.21,500.73,0.0,-35.81,15.14,13.53
30,7,Google_ORTools,Equalized_Budget,ORT_1000ms,1000,,True,17.2894,267.86,221.21,1001.42,0.0,-35.81,15.14,13.53
30,7,Google_ORTools,Quality_Reference,ORT_2000ms,2000,,True,17.2894,267.86,221.21,2001.47,0.0,-35.81,15.14,13.53
30,7,RandomKey_QPSO,Equalized_Budget,QPSO_P10_I15,19.42,42,True,33.3382,553.86,348.64,19.42,92.82,23.77,15.14,13.53
30,7,RandomKey_QPSO,Equalized_Budget,QPSO_P10_I15,20.2,101,True,33.458,553.78,354.21,20.2,93.52,24.21,15.14,13.53
30,7,RandomKey_QPSO,Equalized_Budget,QPSO_P10_I15,19.26,2024,True,34.6901,572.53,370.68,19.26,100.64,28.78,15.14,13.53
30,7,RandomKey_QPSO,Equalized_Budget,QPSO_P20_I30,75.37,42,True,32.8594,546.08,343.27,75.37,90.06,21.99,15.14,13.53
30,7,RandomKey_QPSO,Equalized_Budget,QPSO_P20_I30,73.66,101,True,33.7516,559.35,355.84,73.66,95.22,25.3,15.14,13.53
30,7,RandomKey_QPSO,Equalized_Budget,QPSO_P20_I30,74.22,2024,True,30.1903,506.9,304.59,74.22,74.62,12.08,15.14,13.53
30,7,RandomKey_QPSO,Equalized_Budget,QPSO_P30_I50,186.59,42,True,28.4782,481.88,279.55,186.59,64.71,5.72,15.14,13.53
30,7,RandomKey_QPSO,Equalized_Budget,QPSO_P30_I50,185.92,101,True,31.5319,527.99,321.12,185.92,82.38,17.06,15.14,13.53
30,7,RandomKey_QPSO,Equalized_Budget,QPSO_P30_I50,186.88,2024,True,31.4764,527.96,318.68,186.88,82.06,16.85,15.14,13.53
30,7,RandomKey_QPSO,Equalized_Budget,QPSO_P50_I100,489.39,42,True,27.3801,466.32,262.47,489.39,58.36,1.65,15.14,13.53
30,7,RandomKey_QPSO,Equalized_Budget,QPSO_P50_I100,486.22,101,True,28.8226,488.32,281.65,486.22,66.71,7.0,15.14,13.53
30,7,RandomKey_QPSO,Equalized_Budget,QPSO_P50_I100,496.91,2024,True,28.4449,482.9,275.92,496.91,64.52,5.6,15.14,13.53
40,9,Greedy_NN,Heuristic_Baseline,Greedy_O(N^2),1.84,,True,31.7297,580.74,306.63,1.84,53.54,0.0,16.09,14.23
40,9,Google_ORTools,Equalized_Budget,ORT_100ms,100,,True,20.7992,345.05,274.53,100.92,0.65,-34.45,16.09,14.23
40,9,Google_ORTools,Equalized_Budget,ORT_250ms,250,,True,20.6658,342.59,273.28,251.64,0.0,-34.87,16.09,14.23
40,9,Google_ORTools,Equalized_Budget,ORT_500ms,500,,True,20.6658,342.59,273.28,500.91,0.0,-34.87,16.09,14.23
40,9,Google_ORTools,Equalized_Budget,ORT_1000ms,1000,,True,20.6658,342.59,273.28,1001.69,0.0,-34.87,16.09,14.23
40,9,Google_ORTools,Quality_Reference,ORT_2000ms,2000,,True,20.6658,342.59,273.28,2001.03,0.0,-34.87,16.09,14.23
40,9,RandomKey_QPSO,Equalized_Budget,QPSO_P10_I15,25.16,42,True,44.5549,783.45,496.66,25.16,115.6,40.42,16.09,14.23
40,9,RandomKey_QPSO,Equalized_Budget,QPSO_P10_I15,25.22,101,True,45.3868,793.94,514.47,25.22,119.62,43.04,16.09,14.23
40,9,RandomKey_QPSO,Equalized_Budget,QPSO_P10_I15,27.14,2024,True,47.4393,828.04,541.46,27.14,129.55,49.51,16.09,14.23
40,9,RandomKey_QPSO,Equalized_Budget,QPSO_P20_I30,98.33,42,True,44.4305,781.54,494.7,98.33,115.0,40.03,16.09,14.23
40,9,RandomKey_QPSO,Equalized_Budget,QPSO_P20_I30,100.53,101,True,44.3504,780.59,492.86,100.53,114.61,39.78,16.09,14.23
40,9,RandomKey_QPSO,Equalized_Budget,QPSO_P20_I30,97.93,2024,True,42.6621,751.51,472.79,97.93,106.44,34.45,16.09,14.23
40,9,RandomKey_QPSO,Equalized_Budget,QPSO_P30_I50,242.36,42,True,43.2506,761.28,480.54,242.36,109.29,36.31,16.09,14.23
40,9,RandomKey_QPSO,Equalized_Budget,QPSO_P30_I50,243.33,101,True,42.8145,753.33,476.26,243.33,107.18,34.94,16.09,14.23
40,9,RandomKey_QPSO,Equalized_Budget,QPSO_P30_I50,242.11,2024,True,39.9215,710.56,427.3,242.11,93.18,25.82,16.09,14.23
40,9,RandomKey_QPSO,Equalized_Budget,QPSO_P50_I100,660.43,42,True,38.651,690.79,407.83,660.43,87.03,21.81,16.09,14.23
40,9,RandomKey_QPSO,Equalized_Budget,QPSO_P50_I100,651.56,101,True,38.2407,685.15,400.01,651.56,85.04,20.52,16.09,14.23
40,9,RandomKey_QPSO,Equalized_Budget,QPSO_P50_I100,634.84,2024,True,39.3451,699.54,422.7,634.84,90.39,24.0,16.09,14.23
50,10,Greedy_NN,Heuristic_Baseline,Greedy_O(N^2),2.51,,True,38.6401,734.48,382.68,2.51,58.89,0.0,16.72,14.55
50,10,Google_ORTools,Equalized_Budget,ORT_100ms,100,,True,24.4557,425.29,322.55,101.18,0.56,-36.71,16.72,14.55
50,10,Google_ORTools,Equalized_Budget,ORT_250ms,250,,True,24.3184,423.07,320.4,251.26,0.0,-37.06,16.72,14.55
50,10,Google_ORTools,Equalized_Budget,ORT_500ms,500,,True,24.3184,423.07,320.4,501.93,0.0,-37.06,16.72,14.55
50,10,Google_ORTools,Equalized_Budget,ORT_1000ms,1000,,True,24.3184,423.07,320.4,1001.7,0.0,-37.06,16.72,14.55
50,10,Google_ORTools,Quality_Reference,ORT_2000ms,2000,,True,24.3184,423.07,320.4,2001.17,0.0,-37.06,16.72,14.55
50,10,RandomKey_QPSO,Equalized_Budget,QPSO_P10_I15,30.13,42,True,57.1903,1037.23,667.63,30.13,135.17,48.01,16.72,14.55
50,10,RandomKey_QPSO,Equalized_Budget,QPSO_P10_I15,31.73,101,True,58.8847,1063.06,697.36,31.73,142.14,52.39,16.72,14.55
50,10,RandomKey_QPSO,Equalized_Budget,QPSO_P10_I15,31.58,2024,True,59.5393,1076.78,701.25,31.58,144.83,54.09,16.72,14.55
50,10,RandomKey_QPSO,Equalized_Budget,QPSO_P20_I30,120.6,42,True,57.1903,1037.23,667.63,120.6,135.17,48.01,16.72,14.55
50,10,RandomKey_QPSO,Equalized_Budget,QPSO_P20_I30,122.21,101,True,57.0899,1037.01,663.21,122.21,134.76,47.75,16.72,14.55
50,10,RandomKey_QPSO,Equalized_Budget,QPSO_P20_I30,134.92,2024,True,54.6752,992.22,637.04,134.92,124.83,41.5,16.72,14.55
50,10,RandomKey_QPSO,Equalized_Budget,QPSO_P30_I50,294.15,42,True,53.0285,970.83,600.61,294.15,118.06,37.24,16.72,14.55
50,10,RandomKey_QPSO,Equalized_Budget,QPSO_P30_I50,301.03,101,True,54.8194,1000.29,627.65,301.03,125.42,41.87,16.72,14.55
50,10,RandomKey_QPSO,Equalized_Budget,QPSO_P30_I50,297.66,2024,True,56.6986,1028.92,660.66,297.66,133.15,46.74,16.72,14.55
50,10,RandomKey_QPSO,Equalized_Budget,QPSO_P50_I100,798.29,42,True,52.9384,970.57,596.77,798.29,117.69,37.0,16.72,14.55
50,10,RandomKey_QPSO,Equalized_Budget,QPSO_P50_I100,788.54,101,True,52.7576,964.99,599.33,788.54,116.95,36.54,16.72,14.55
50,10,RandomKey_QPSO,Equalized_Budget,QPSO_P50_I100,783.89,2024,True,45.8815,856.42,486.29,783.89,88.67,18.74,16.72,14.55
